{
  "parent": "index.json",
  "context": {
    "market": "my"
  },
  "sections": {
    "custom_liquid_7XczD": {
      "type": "custom-liquid",
      "disabled": false,
      "settings": {
        "custom_liquid": "<div style=\"text-align: center; padding: 80px; background-color: black; color: white;\">\n  <h2 style=\"color: white;\"> Exclusive Livestream Access<\/h2>\n  <p style=\"color: white;\">Enter your unique code to watch the event live!<\/p>\n  <a href=\"\/pages\/livestream\" style=\"\n    display: inline-block;\n    padding: 15px 30px;\n    background-color: black;\n    color: white;\n    text-decoration: none;\n    border: 2px solid white;\n    border-radius: 5px;\n    font-size: 18px;\n    font-weight: bold;\">\n     Watch Livestream\n  <\/a>\n<\/div>",
        "color_scheme": "",
        "header-0d0ce72fe946c7a16ca04c1462ee738a": null,
        "padding_top": 0,
        "padding_bottom": 0
      },
      "blocks": {},
      "block_order": []
    },
    "image_banner": {
      "settings": {
        "image": "shopify:\/\/shop_images\/McGIll_Kim_CoachingAbudy_4548_6.jpg",
        "image_overlay_opacity": 50,
        "image_behavior": "zoom-in"
      },
      "blocks": {
        "heading": {
          "disabled": false,
          "settings": {
            "heading": "QY YONG VS JUN HANG",
            "heading_size": "h1"
          }
        },
        "text_XyLUH": {
          "type": "text",
          "disabled": false,
          "settings": {
            "text": "PPV Livestream",
            "text_style": "body"
          }
        },
        "button": {
          "settings": {
            "button_label_1": "Purchase Here",
            "button_style_secondary_1": true
          }
        }
      },
      "block_order": [
        "heading",
        "text_XyLUH",
        "button"
      ]
    }
  },
  "order": [
    "image_banner",
    "custom_liquid_7XczD"
  ]
}
